elapsed,action,code,ip_dst_addr,bytes,method,url
10042,TCP_TUNNEL,200,142.250.191.164,414,CONNECT,www.google.com:443
37350,TCP_TUNNEL,200,44.228.218.242,2560,CONNECT,console.us-west-1.cdp.cloudera.com:443
48932,TCP_TUNNEL,200,44.228.218.242,36623,CONNECT,console.us-west-1.cdp.cloudera.com:443
66234,TCP_TUNNEL,200,44.228.218.242,6239,CONNECT,console.us-west-1.cdp.cloudera.com:443
13965,TCP_TUNNEL,200,172.217.5.10,1388,CONNECT,fonts.googleapis.com:443
13960,TCP_TUNNEL,200,142.250.190.67,5506,CONNECT,fonts.gstatic.com:443
69134,TCP_TUNNEL,200,44.228.218.242,5743,CONNECT,console.us-west-1.cdp.cloudera.com:443
5314,TCP_TUNNEL,200,35.217.93.191,5169,CONNECT,e2c53.gcp.gvt2.com:443
60887,TCP_TUNNEL,200,172.217.0.163,5500,CONNECT,ssl.gstatic.com:443
84998,TCP_TUNNEL,200,44.228.218.242,5182,CONNECT,console.us-west-1.cdp.cloudera.com:443
20,TCP_MISS,301,151.101.3.5,791,GET,http://cnn.com/
13,TCP_MISS,301,151.101.147.5,787,GET,http://www.cnn.com/
38756,TCP_TUNNEL,200,44.228.218.242,2250,CONNECT,console.us-west-1.cdp.cloudera.com:443
22476,TCP_TUNNEL,200,44.228.218.242,1394,CONNECT,console.us-west-1.cdp.cloudera.com:443
96931,TCP_TUNNEL,200,44.228.218.242,23409,CONNECT,console.us-west-1.cdp.cloudera.com:443
330,TCP_TUNNEL,200,23.56.13.107,545,CONNECT,amplify.outbrain.com:443
33192,TCP_TUNNEL,200,142.250.190.67,5505,CONNECT,fonts.gstatic.com:443
79309,TCP_TUNNEL,200,172.217.4.74,2095,CONNECT,content-autofill.googleapis.com:443
81990,TCP_TUNNEL,200,34.107.204.85,1478,CONNECT,data.pendo.io:443
82632,TCP_TUNNEL,200,172.217.2.42,6582,CONNECT,cloudsearch.googleapis.com:443
79830,TCP_TUNNEL,200,142.250.190.42,9823,CONNECT,optimizationguide-pa.googleapis.com:443
79148,TCP_TUNNEL,200,172.217.1.110,24826,CONNECT,aa.google.com:443
78569,TCP_TUNNEL,200,142.250.191.238,7880,CONNECT,play.google.com:443
84696,TCP_TUNNEL,200,142.250.191.164,2668811,CONNECT,www.google.com:443
78946,TCP_TUNNEL,200,172.217.0.162,1889,CONNECT,adservice.google.com:443
79493,TCP_TUNNEL,200,172.217.5.3,750832,CONNECT,www.gstatic.com:443
675,TCP_TUNNEL,200,151.101.147.5,165501,CONNECT,www.cnn.com:443
78144,TCP_TUNNEL,200,172.217.0.161,127322,CONNECT,lh5.googleusercontent.com:443
453,TCP_TUNNEL,200,108.156.164.236,933,CONNECT,c.amazon-adsystem.com:443
79826,TCP_TUNNEL,200,172.217.0.163,6672,CONNECT,ssl.gstatic.com:443
10825,TCP_TUNNEL,200,142.250.191.131,6492,CONNECT,beacons.gvt2.com:443
62163,TCP_TUNNEL,200,142.250.190.51,6468,CONNECT,beacons.gcp.gvt2.com:443
48572,TCP_TUNNEL,200,142.250.191.142,2077,CONNECT,www.google-analytics.com:443
448,TCP_TUNNEL,200,96.17.53.199,999,CONNECT,lightning.cnn.com:443
82988,TCP_TUNNEL,200,3.222.33.104,2352,CONNECT,track.dictionary.com:443
65694,TCP_TUNNEL,200,142.250.190.37,51835,CONNECT,mail.google.com:443
84678,TCP_TUNNEL,200,35.186.194.58,2927,CONNECT,rs.fullstory.com:443
77870,TCP_TUNNEL,200,172.217.4.78,9095,CONNECT,google.com:443
92370,TCP_TUNNEL,200,142.250.191.202,11942,CONNECT,signaler-pa.clients6.google.com:443
72091,TCP_TUNNEL,200,172.217.1.110,23582,CONNECT,ogs.google.com:443
460,TCP_TUNNEL,200,151.101.147.5,793,CONNECT,registry.api.cnn.io:443
98722,TCP_TUNNEL,200,172.217.2.46,11374,CONNECT,clients4.google.com:443
78145,TCP_TUNNEL,200,172.217.2.46,261097,CONNECT,encrypted-tbn0.gstatic.com:443
151,TCP_TUNNEL,200,34.111.8.32,805,CONNECT,cnn.bounceexchange.com:443
701,TCP_TUNNEL,200,54.83.89.193,5875,CONNECT,logx.optimizely.com:443
289,TCP_TUNNEL,200,34.149.130.207,805,CONNECT,pd.cdnwidget.com:443
592,TCP_TUNNEL,200,50.31.142.191,4263,CONNECT,tr.outbrain.com:443
657,TCP_TUNNEL,200,50.31.142.191,4232,CONNECT,tr.outbrain.com:443
668,TCP_TUNNEL,200,151.101.147.5,27347,CONNECT,www.cnn.com:443
562,TCP_TUNNEL,200,34.205.207.190,5863,CONNECT,w.usabilla.com:443
562,TCP_TUNNEL,200,151.101.146.202,2400,CONNECT,mab.chartbeat.com:443
79124,TCP_TUNNEL,200,142.250.191.238,19172,CONNECT,play.google.com:443
747,TCP_TUNNEL,200,108.156.172.66,1536,CONNECT,mms.cnn.com:443
248,TCP_TUNNEL,200,172.217.4.34,1741,CONNECT,securepubads.g.doubleclick.net:443
215,TCP_TUNNEL,200,104.244.42.5,1067,CONNECT,t.co:443
704,TCP_TUNNEL,200,104.106.16.79,1104,CONNECT,a125375509.cdn.optimizely.com:443
685,TCP_TUNNEL,200,3.136.119.139,928,CONNECT,secure-us.imrworldwide.com:443
721,TCP_TUNNEL,200,34.120.253.250,1001,CONNECT,tag.bounceexchange.com:443
572,TCP_TUNNEL,200,108.156.184.109,833,CONNECT,sb.scorecardresearch.com:443
721,TCP_TUNNEL,200,151.101.144.157,513,CONNECT,static.ads-twitter.com:443
411,TCP_TUNNEL,200,151.101.147.5,918,CONNECT,data.cnn.com:443
721,TCP_TUNNEL,200,108.156.172.91,1935,CONNECT,live.rezync.com:443
278,TCP_TUNNEL,200,52.4.121.231,1714,CONNECT,jadserve.postrelease.com:443
215,TCP_TUNNEL,200,34.111.234.236,1519,CONNECT,ml314.com:443
685,TCP_TUNNEL,200,34.111.234.236,1051,CONNECT,cdn.ml314.com:443
721,TCP_TUNNEL,200,104.18.17.195,1115,CONNECT,www.dianomi.com:443
207,TCP_TUNNEL,200,34.98.72.95,1101,CONNECT,assets.bounceexchange.com:443
825,TCP_TUNNEL,200,142.250.191.130,28156,CONNECT,www.googletagservices.com:443
239,TCP_TUNNEL,200,96.17.53.199,34111,CONNECT,cdn.cnn.com:443
500,TCP_TUNNEL,200,108.156.184.70,36802,CONNECT,cdn.boomtrain.com:443
258,TCP_TUNNEL,200,3.231.143.24,4959,CONNECT,bea4.v.fwmrm.net:443
169,TCP_TUNNEL,200,108.156.184.23,481,CONNECT,static.adsafeprotected.com:443
234,TCP_TUNNEL,200,34.98.72.95,1005,CONNECT,assets.bounceexchange.com:443
1019,TCP_TUNNEL,200,96.17.53.199,2875,CONNECT,lightning.cnn.com:443
282,TCP_TUNNEL,200,108.156.171.7,917,CONNECT,d2uap9jskdzp2.cloudfront.net:443
181,TCP_TUNNEL,200,151.101.147.5,777,CONNECT,www.i.cdn.cnn.com:443
432,TCP_TUNNEL,200,96.17.53.199,83053,CONNECT,dynaimage.cdn.cnn.com:443
304,TCP_TUNNEL,200,151.101.146.133,484,CONNECT,cdn.krxd.net:443
377,TCP_TUNNEL,200,151.101.147.5,935,CONNECT,registry.api.cnn.io:443
616,TCP_TUNNEL,200,23.56.13.107,86185,CONNECT,widgets.outbrain.com:443
355,TCP_TUNNEL,200,108.156.172.123,1437,CONNECT,geo.ngtv.io:443
239,TCP_TUNNEL,200,104.26.6.139,7827,CONNECT,btloader.com:443
164,TCP_TUNNEL,200,23.48.209.26,1026,CONNECT,wmff.warnermediacdn.com:443
531,TCP_TUNNEL,200,104.244.42.3,1274,CONNECT,analytics.twitter.com:443
206,TCP_TUNNEL,200,35.211.165.199,5435,CONNECT,grid.bidswitch.net:443
423,TCP_TUNNEL,200,34.102.144.114,1082,CONNECT,data.cdnbasket.net:443
406,TCP_TUNNEL,200,54.83.89.193,569,CONNECT,logx.optimizely.com:443
453,TCP_TUNNEL,200,34.149.80.61,1082,CONNECT,page.cdnbasket.net:443
474,TCP_TUNNEL,200,52.204.165.114,5970,CONNECT,people.api.boomtrain.com:443
488,TCP_TUNNEL,200,34.149.32.178,1082,CONNECT,view.cdnbasket.net:443
239,TCP_TUNNEL,200,52.45.167.75,5763,CONNECT,onsiterecs.api.boomtrain.com:443
173,TCP_TUNNEL,200,172.217.0.164,414,CONNECT,www.google.com:443
488,TCP_TUNNEL,200,38.133.127.63,4384,CONNECT,mcdp-sadc1.outbrain.com:443
634,TCP_TUNNEL,200,68.67.161.182,21473,CONNECT,ib.adnxs.com:443
324,TCP_TUNNEL,200,52.46.143.56,8310,CONNECT,s.amazon-adsystem.com:443
567,TCP_TUNNEL,200,151.101.146.133,484,CONNECT,cdn.krxd.net:443
764,TCP_TUNNEL,200,63.140.38.139,4174,CONNECT,smetrics.cnn.com:443
612,TCP_TUNNEL,200,34.98.72.95,1005,CONNECT,assets.bounceexchange.com:443
638,TCP_TUNNEL,200,23.48.209.26,1053,CONNECT,wmff.warnermediacdn.com:443
638,TCP_TUNNEL,200,172.217.4.198,2044,CONNECT,ad.doubleclick.net:443
880,TCP_TUNNEL,200,151.101.146.132,7445,CONNECT,odb.outbrain.com:443
227,TCP_TUNNEL,200,162.248.18.34,5035,CONNECT,image4.pubmatic.com:443
730,TCP_TUNNEL,200,52.54.58.37,7515,CONNECT,pixel.adsafeprotected.com:443
383,TCP_TUNNEL,200,130.211.23.194,1003,CONNECT,api.btloader.com:443
611,TCP_TUNNEL,200,34.98.72.95,1262,CONNECT,assets.bounceexchange.com:443
483,TCP_TUNNEL,200,8.28.7.82,5964,CONNECT,image8.pubmatic.com:443
662,TCP_TUNNEL,200,74.119.119.129,4482,CONNECT,bidder.criteo.com:443
638,TCP_TUNNEL,200,104.26.2.70,2109,CONNECT,ad-delivery.net:443
488,TCP_TUNNEL,200,34.160.169.226,3286,CONNECT,steadfastseat.com:443
391,TCP_TUNNEL,200,99.83.161.114,6112,CONNECT,receive.wmcdp.io:443
667,TCP_TUNNEL,200,69.173.151.97,12930,CONNECT,fastlane.rubiconproject.com:443
588,TCP_TUNNEL,200,34.107.191.194,1451,CONNECT,ids.cdnwidget.com:443
663,TCP_TUNNEL,200,54.173.193.223,5905,CONNECT,umto.cnn.com:443
392,TCP_TUNNEL,200,13.248.140.122,646,CONNECT,collector.cdp.cnn.com:443
667,TCP_TUNNEL,200,104.18.25.185,7706,CONNECT,htlb.casalemedia.com:443
566,TCP_TUNNEL,200,13.248.140.122,5908,CONNECT,collector.cdp.cnn.com:443
945,TCP_TUNNEL,200,108.156.187.204,2482,CONNECT,aax.amazon-adsystem.com:443
422,TCP_TUNNEL,200,173.222.111.174,1295,CONNECT,lightning.warnermediacdn.com:443
747,TCP_TUNNEL,200,34.95.69.49,1188,CONNECT,i.clean.gg:443
622,TCP_TUNNEL,200,54.162.99.34,6724,CONNECT,api.zetaglobal.net:443
1068,TCP_TUNNEL,200,162.19.138.83,7868,CONNECT,id5-sync.com:443
491,TCP_TUNNEL,200,184.31.207.200,978,CONNECT,li.cnn.com:443
904,TCP_TUNNEL,200,54.83.89.193,569,CONNECT,logx.optimizely.com:443
912,TCP_TUNNEL,200,35.207.10.239,5570,CONNECT,ssp.behave.com:443
1348,TCP_TUNNEL,200,52.46.143.56,1192,CONNECT,s.amazon-adsystem.com:443
686,TCP_TUNNEL,200,35.211.178.172,5708,CONNECT,x.bidswitch.net:443
1535,TCP_TUNNEL,200,50.31.142.191,4183,CONNECT,sync.outbrain.com:443
353,TCP_TUNNEL,200,44.228.218.242,5509,CONNECT,console.us-west-1.cdp.cloudera.com:443
400,TCP_TUNNEL,200,173.222.111.174,2019,CONNECT,medium.ngtv.io:443
145,TCP_TUNNEL,200,108.156.184.119,10034,CONNECT,ib.3lift.com:443
760,TCP_TUNNEL,200,52.54.58.37,867,CONNECT,pixel.adsafeprotected.com:443
581,TCP_TUNNEL,200,74.119.119.150,4324,CONNECT,dis.criteo.com:443
1082,TCP_TUNNEL,200,34.111.8.32,1167,CONNECT,contextual-analytics.wunderkind.co:443
1932,TCP_TUNNEL,200,34.111.8.32,6705,CONNECT,cnn.bounceexchange.com:443
948,TCP_TUNNEL,200,151.101.147.5,2414,CONNECT,fave.api.cnn.io:443
755,TCP_TUNNEL,200,108.156.187.204,1073,CONNECT,aax.amazon-adsystem.com:443
695,TCP_TUNNEL,200,142.250.191.162,10183,CONNECT,pagead2.googlesyndication.com:443
910,TCP_TUNNEL,200,3.232.126.128,6340,CONNECT,rp.liadm.com:443
1118,TCP_TUNNEL,200,173.222.111.174,1006,CONNECT,lightning.warnermediacdn.com:443
2269,TCP_TUNNEL,200,151.101.147.5,1023341,CONNECT,registry.api.cnn.io:443
1687,TCP_TUNNEL,200,142.251.32.1,9126,CONNECT,43287cc2543376936b1d34ff39a949af.safeframe.googlesyndication.com:443
1720,TCP_TUNNEL,200,172.217.2.34,2173,CONNECT,adservice.google.com:443
1112,TCP_TUNNEL,200,34.149.130.207,975,CONNECT,idr.cdnwidget.com:443
1720,TCP_TUNNEL,200,3.225.218.10,7186,CONNECT,ups.analytics.yahoo.com:443
1072,TCP_TUNNEL,200,34.98.72.95,1020,CONNECT,assets.bounceexchange.com:443
1687,TCP_TUNNEL,200,172.217.4.34,37784,CONNECT,securepubads.g.doubleclick.net:443
1113,TCP_TUNNEL,200,34.111.8.32,1947,CONNECT,events.bouncex.net:443
1720,TCP_TUNNEL,200,20.127.253.7,8600,CONNECT,sync.inmobi.com:443
401,TCP_TUNNEL,200,13.248.140.122,6067,CONNECT,collector.cdp.cnn.com:443
461,TCP_TUNNEL,200,52.54.58.37,6388,CONNECT,pixel.adsafeprotected.com:443
327,TCP_TUNNEL,200,52.223.18.66,7425,CONNECT,services.brightline.tv:443
214,TCP_TUNNEL,200,34.111.8.32,1147,CONNECT,dfp.bouncex.net:443
407,TCP_TUNNEL,200,172.217.0.164,5920,CONNECT,www.google.com:443
199,TCP_TUNNEL,200,34.111.8.32,1220,CONNECT,events.bouncex.net:443
231,TCP_TUNNEL,200,50.116.194.21,5033,CONNECT,ad.turn.com:443
237,TCP_TUNNEL,200,35.207.24.140,1581,CONNECT,rtb.mfadsrvr.com:443
237,TCP_TUNNEL,200,185.167.164.37,5967,CONNECT,c1.adform.net:443
260,TCP_TUNNEL,200,108.156.184.119,72319,CONNECT,ib.3lift.com:443
407,TCP_TUNNEL,200,172.217.4.194,40305,CONNECT,googleads.g.doubleclick.net:443
407,TCP_TUNNEL,200,34.236.0.77,5971,CONNECT,tlx.3lift.com:443
988,TCP_TUNNEL,200,142.250.191.162,2720,CONNECT,pagead2.googlesyndication.com:443
407,TCP_TUNNEL,200,52.223.22.214,5890,CONNECT,eb2.3lift.com:443
451,TCP_TUNNEL,200,142.250.191.193,77346,CONNECT,tpc.googlesyndication.com:443
237,TCP_TUNNEL,200,3.223.177.228,6639,CONNECT,fksnk.com:443
778,TCP_TUNNEL,200,199.127.193.108,5921,CONNECT,a6709203f34992a5095d2bc7ceaf2ec504f651a8.cws.conviva.com:443
823,TCP_TUNNEL,200,70.42.32.63,5589,CONNECT,b1sync.zemanta.com:443
187,TCP_TUNNEL,200,52.0.139.145,5109,CONNECT,beacon.krxd.net:443
594,TCP_TUNNEL,200,108.156.184.52,2280,CONNECT,d.agkn.com:443
459,TCP_TUNNEL,200,192.184.69.201,938,CONNECT,cms.quantserve.com:443
594,TCP_TUNNEL,200,108.156.184.82,924,CONNECT,pix.pub:443
569,TCP_TUNNEL,200,3.33.250.219,4717,CONNECT,events.brightline.tv:443
459,TCP_TUNNEL,200,3.216.1.77,6458,CONNECT,sync.srv.stackadapt.com:443
306,TCP_TUNNEL,200,142.250.191.162,1825,CONNECT,pagead2.googlesyndication.com:443
384,TCP_TUNNEL,200,50.116.194.21,4959,CONNECT,r.turn.com:443
594,TCP_TUNNEL,200,151.101.146.132,855,CONNECT,pi.ispot.tv:443
492,TCP_TUNNEL,200,108.156.184.71,7903,CONNECT,img.3lift.com:443
491,TCP_TUNNEL,200,108.156.184.119,9839,CONNECT,ib.3lift.com:443
599,TCP_TUNNEL,200,142.250.190.130,2209,CONNECT,googleads4.g.doubleclick.net:443
558,TCP_TUNNEL,200,172.217.4.34,2140,CONNECT,securepubads.g.doubleclick.net:443
815,TCP_TUNNEL,200,35.227.229.24,1272,CONNECT,licensing.bitmovin.com:443
384,TCP_TUNNEL,200,34.111.8.32,1565,CONNECT,events.bouncex.net:443
452,TCP_TUNNEL,200,35.207.24.140,1537,CONNECT,rtb.mfadsrvr.com:443
809,TCP_TUNNEL,200,34.111.8.32,6523,CONNECT,cnn.bounceexchange.com:443
562,TCP_TUNNEL,200,54.160.31.143,6257,CONNECT,partners.tremorhub.com:443
684,TCP_TUNNEL,200,184.85.237.48,7296,CONNECT,sync.teads.tv:443
163,TCP_TUNNEL,200,52.46.143.56,1100,CONNECT,s.amazon-adsystem.com:443
441,TCP_TUNNEL,200,68.67.161.182,3760,CONNECT,ib.adnxs.com:443
278,TCP_TUNNEL,200,8.251.185.252,618,CONNECT,clips-media-ctl.warnermediacdn.com:443
534,TCP_TUNNEL,200,8.251.185.252,8082,CONNECT,clips-media-ctl.warnermediacdn.com:443
545,TCP_TUNNEL,200,54.83.89.193,569,CONNECT,logx.optimizely.com:443
1098,TCP_TUNNEL,200,51.222.39.186,1181,CONNECT,onetag-sys.com:443
1162,TCP_TUNNEL,200,52.223.22.214,11815,CONNECT,eb2.3lift.com:443
244,TCP_TUNNEL,200,74.119.119.139,4309,CONNECT,gum.criteo.com:443
1483,TCP_TUNNEL,200,23.3.13.138,22746,CONNECT,clips-manifests-ctl.warnermediacdn.com:443
524,TCP_TUNNEL,200,34.111.8.32,11141,CONNECT,cnn.bounceexchange.com:443
518,TCP_TUNNEL,200,34.111.8.32,1920,CONNECT,events.bouncex.net:443
604,TCP_TUNNEL,200,13.107.42.14,5307,CONNECT,px.ads.linkedin.com:443
1473,TCP_TUNNEL,200,142.250.191.194,8672,CONNECT,cm.g.doubleclick.net:443
441,TCP_TUNNEL,200,74.119.119.139,770,CONNECT,gum.criteo.com:443
1477,TCP_TUNNEL,200,35.211.178.172,7090,CONNECT,x.bidswitch.net:443
530,TCP_TUNNEL,200,74.119.119.150,720,CONNECT,dis.criteo.com:443
606,TCP_TUNNEL,200,34.202.153.158,6801,CONNECT,pr-bh.ybp.yahoo.com:443
356,TCP_TUNNEL,200,142.250.191.162,1955,CONNECT,pagead2.googlesyndication.com:443
492,TCP_TUNNEL,200,151.101.145.108,3542,CONNECT,acdn.adnxs.com:443
258,TCP_TUNNEL,200,68.67.161.182,2102,CONNECT,ib.adnxs.com:443
500,TCP_TUNNEL,200,192.40.36.238,7015,CONNECT,dsum-sec.casalemedia.com:443
140,TCP_TUNNEL,200,68.67.161.182,195,CONNECT,ib.adnxs.com:443
310,TCP_TUNNEL,200,68.67.153.61,8675,CONNECT,prebid.adnxs.com:443
511,TCP_TUNNEL,200,69.173.151.100,4300,CONNECT,pixel.rubiconproject.com:443
333,TCP_TUNNEL,200,52.46.143.56,1060,CONNECT,s.amazon-adsystem.com:443
355,TCP_TUNNEL,200,35.207.10.239,5661,CONNECT,ssp.behave.com:443
556,TCP_TUNNEL,200,192.40.36.238,8572,CONNECT,ssum-sec.casalemedia.com:443
517,TCP_TUNNEL,200,216.200.232.249,4210,CONNECT,sync.mathtag.com:443
529,TCP_TUNNEL,200,34.232.29.238,6198,CONNECT,sync.crwdcntrl.net:443
339,TCP_TUNNEL,200,142.250.191.194,2382,CONNECT,cm.g.doubleclick.net:443
523,TCP_TUNNEL,200,34.98.64.218,1214,CONNECT,us-u.openx.net:443
427,TCP_TUNNEL,200,172.217.4.198,1959,CONNECT,ad.doubleclick.net:443
524,TCP_TUNNEL,200,192.184.69.201,840,CONNECT,cms.quantserve.com:443
523,TCP_TUNNEL,200,50.116.194.21,4963,CONNECT,ad.turn.com:443
360,TCP_TUNNEL,200,104.18.24.185,1458,CONNECT,as-sec.casalemedia.com:443
361,TCP_TUNNEL,200,104.36.115.111,431,CONNECT,hbopenbid.pubmatic.com:443
1010,TCP_TUNNEL,200,13.107.21.200,8068,CONNECT,c.bing.com:443
344,TCP_TUNNEL,200,34.202.153.158,973,CONNECT,pr-bh.ybp.yahoo.com:443
65,TCP_TUNNEL,200,3.14.96.124,5457,CONNECT,atom.warnermedia.com:443
103,TCP_TUNNEL,200,23.23.250.92,5711,CONNECT,unified.adsafeprotected.com:443
1196,TCP_TUNNEL,200,8.251.185.252,1527198,CONNECT,clips-media-ctl.warnermediacdn.com:443
493,TCP_TUNNEL,200,68.67.161.182,10374,CONNECT,ib.adnxs.com:443
239,TCP_TUNNEL,200,3.231.143.24,4751,CONNECT,bea4.v.fwmrm.net:443
62,TCP_MISS,200,23.40.62.25,1771,GET,http://aia.entrust.net/l1m-chain256.cer
357,TCP_TUNNEL,200,199.127.193.108,5923,CONNECT,a6709203f34992a5095d2bc7ceaf2ec504f651a8.cws.conviva.com:443
406,TCP_TUNNEL,200,3.231.143.24,4977,CONNECT,bea4.v.fwmrm.net:443
400,TCP_TUNNEL,200,23.56.99.67,3919,CONNECT,measure.chase.com:443
196,TCP_TUNNEL,200,8.2.111.39,6813,CONNECT,ssp-cookie.logan.ai:443
457,TCP_TUNNEL,200,199.250.166.129,6224,CONNECT,vae-bid.adsrvr.org:443
584,TCP_TUNNEL,200,3.14.96.124,5939,CONNECT,atom.warnermedia.com:443
450,TCP_TUNNEL,200,52.54.58.37,13443,CONNECT,pixel.adsafeprotected.com:443
578,TCP_TUNNEL,200,52.223.40.198,4714,CONNECT,insight.adsrvr.org:443
559,TCP_TUNNEL,200,142.250.190.130,2241,CONNECT,googleads4.g.doubleclick.net:443
405,TCP_TUNNEL,200,63.140.38.139,4175,CONNECT,smetrics.cnn.com:443
559,TCP_TUNNEL,200,108.156.171.4,6766,CONNECT,dh0c1bz67fuho.cloudfront.net:443
628,TCP_TUNNEL,200,34.111.8.32,1735,CONNECT,events.bouncex.net:443
583,TCP_TUNNEL,200,23.23.250.92,6568,CONNECT,unified.adsafeprotected.com:443
309,TCP_TUNNEL,200,172.217.0.162,6265,CONNECT,ade.googlesyndication.com:443
527,TCP_TUNNEL,200,108.156.184.109,929,CONNECT,sb.scorecardresearch.com:443
515,TCP_TUNNEL,200,13.248.140.122,6067,CONNECT,collector.cdp.cnn.com:443
968,TCP_TUNNEL,200,74.119.119.129,878,CONNECT,bidder.criteo.com:443
354,TCP_TUNNEL,200,35.163.122.238,5986,CONNECT,dt.adsafeprotected.com:443
405,TCP_TUNNEL,200,23.3.13.138,26662,CONNECT,turnip.cdn.turner.com:443
847,TCP_TUNNEL,200,35.227.229.24,1138,CONNECT,licensing.bitmovin.com:443
354,TCP_TUNNEL,200,52.54.58.37,487,CONNECT,pixel.adsafeprotected.com:443
639,TCP_TUNNEL,200,147.28.129.37,5337,CONNECT,prebid.a-mo.net:443
560,TCP_TUNNEL,200,108.156.187.204,1094,CONNECT,aax.amazon-adsystem.com:443
361,TCP_TUNNEL,200,70.42.32.63,4913,CONNECT,b1sync.zemanta.com:443
775,TCP_TUNNEL,200,8.251.185.252,288348,CONNECT,clips-media-ctl.warnermediacdn.com:443
785,TCP_TUNNEL,200,68.67.161.182,13441,CONNECT,ib.adnxs.com:443
209,TCP_TUNNEL,200,3.231.143.24,4884,CONNECT,bea4.v.fwmrm.net:443
771,TCP_TUNNEL,200,68.67.161.182,6619,CONNECT,ib.adnxs.com:443
535,TCP_TUNNEL,200,54.83.89.193,569,CONNECT,logx.optimizely.com:443
847,TCP_TUNNEL,200,23.23.35.108,5811,CONNECT,match.prod.bidr.io:443
321,TCP_TUNNEL,200,108.156.184.41,863,CONNECT,segments.company-target.com:443
864,TCP_TUNNEL,200,54.210.150.141,6126,CONNECT,sync.extend.tv:443
230,TCP_TUNNEL,200,70.42.32.63,4381,CONNECT,b1sync.zemanta.com:443
3152,TCP_TUNNEL,200,143.244.208.184,39,CONNECT,sid.storygize.net:443
1019,TCP_TUNNEL,200,8.251.185.252,804951,CONNECT,clips-media-ctl.warnermediacdn.com:443
1019,TCP_TUNNEL,200,68.67.161.182,1238,CONNECT,ib.adnxs.com:443
1080,TCP_TUNNEL,200,68.67.178.10,5171,CONNECT,secure.adnxs.com:443
4256,TCP_TUNNEL,200,152.199.24.163,6850789,CONNECT,dms.licdn.com:443
1793,TCP_TUNNEL,200,35.190.60.146,3956,CONNECT,idsync.rlcdn.com:443
2070,TCP_TUNNEL,200,15.235.42.102,4749,CONNECT,wt.rqtrk.eu:443
2254,TCP_TUNNEL,200,35.163.122.238,6532,CONNECT,dt.adsafeprotected.com:443
2017,TCP_TUNNEL,200,108.156.184.98,12121,CONNECT,js.adscale.de:443
1782,TCP_TUNNEL,200,173.222.111.53,1175,CONNECT,stags.bluekai.com:443
2071,TCP_TUNNEL,200,183.79.248.124,8617,CONNECT,cksync.yahoo.co.jp:443
1166,TCP_TUNNEL,200,34.111.8.32,1772,CONNECT,events.bouncex.net:443
2061,TCP_TUNNEL,200,151.101.146.49,5337,CONNECT,sync-tm.everesttech.net:443
1425,TCP_TUNNEL,200,172.217.0.162,1940,CONNECT,ade.googlesyndication.com:443
1704,TCP_TUNNEL,200,212.77.99.29,4981,CONNECT,ssp.wp.pl:443
1670,TCP_TUNNEL,200,52.223.40.198,4585,CONNECT,insight.adsrvr.org:443
2070,TCP_TUNNEL,200,8.28.7.83,5103,CONNECT,simage2.pubmatic.com:443
1680,TCP_TUNNEL,200,99.83.181.31,476,CONNECT,signal-metrics-collector-beta.s-onetag.com:443
1166,TCP_TUNNEL,200,34.111.8.32,10946,CONNECT,cnn.bounceexchange.com:443
1665,TCP_TUNNEL,200,13.248.140.122,6067,CONNECT,collector.cdp.cnn.com:443
2237,TCP_TUNNEL,200,108.156.184.23,6790,CONNECT,static.adsafeprotected.com:443
2184,TCP_TUNNEL,200,142.250.191.162,1878,CONNECT,pagead2.googlesyndication.com:443
2071,TCP_TUNNEL,200,3.225.218.10,7103,CONNECT,ups.analytics.yahoo.com:443
1692,TCP_TUNNEL,200,75.2.13.80,375,CONNECT,connect-metrics-collector.s-onetag.com:443
2260,TCP_TUNNEL,200,108.156.184.23,94779,CONNECT,static.adsafeprotected.com:443
2077,TCP_TUNNEL,200,54.172.237.109,5855,CONNECT,bpi.rtactivate.com:443
1682,TCP_TUNNEL,200,99.83.161.114,468,CONNECT,receive.wmcdp.io:443
452,TCP_TUNNEL,200,194.213.62.34,3899,CONNECT,bbnaut.ibillboard.com:443
24,TCP_TUNNEL,200,34.117.239.71,39,CONNECT,events-ssc.33across.com:443
3039,TCP_TUNNEL,200,8.251.185.252,3520041,CONNECT,clips-media-ctl.warnermediacdn.com:443
891,TCP_TUNNEL,200,184.31.194.223,1172,CONNECT,eus.rubiconproject.com:443
968,TCP_TUNNEL,200,172.217.5.10,1388,CONNECT,fonts.googleapis.com:443
1125,TCP_TUNNEL,200,192.40.36.238,7095,CONNECT,ssum.casalemedia.com:443
1907,TCP_TUNNEL,200,142.250.190.67,1379,CONNECT,fonts.gstatic.com:443
2327,TCP_TUNNEL,200,68.67.161.182,13109,CONNECT,ib.adnxs.com:443
4328,TCP_TUNNEL,200,54.83.89.193,569,CONNECT,logx.optimizely.com:443
4050,TCP_TUNNEL,200,69.173.151.100,4332,CONNECT,pixel-us-east.rubiconproject.com:443
239,TCP_TUNNEL,200,68.67.161.182,6659,CONNECT,ib.adnxs.com:443
7332,TCP_TUNNEL,200,143.244.208.184,6226,CONNECT,sid.storygize.net:443
275,TCP_TUNNEL,200,38.98.139.151,5883,CONNECT,ads.stickyadstv.com:443
214,TCP_TUNNEL,200,3.231.143.31,4979,CONNECT,7e1d5.v.fwmrm.net:443
196,TCP_TUNNEL,200,38.98.139.151,837,CONNECT,ads.stickyadstv.com:443
918,TCP_TUNNEL,200,68.67.161.182,6819,CONNECT,ib.adnxs.com:443
460,TCP_TUNNEL,200,85.114.159.118,3979,CONNECT,dsp.adfarm1.adition.com:443
197,TCP_TUNNEL,200,38.98.139.151,961,CONNECT,ads.stickyadstv.com:443
6118,TCP_TUNNEL,200,216.200.232.249,1338,CONNECT,sync.mathtag.com:443
197,TCP_TUNNEL,200,38.98.139.151,871,CONNECT,ads.stickyadstv.com:443
385,TCP_TUNNEL,200,193.70.56.179,5420,CONNECT,um.optinadserving.com:443
194,TCP_TUNNEL,200,38.98.139.151,853,CONNECT,ads.stickyadstv.com:443
6447,TCP_TUNNEL,200,35.210.138.51,5200,CONNECT,t.visx.net:443
195,TCP_TUNNEL,200,38.98.139.151,822,CONNECT,ads.stickyadstv.com:443
5671,TCP_TUNNEL,200,35.158.244.96,7116,CONNECT,tracking.m6r.eu:443
196,TCP_TUNNEL,200,38.98.139.151,830,CONNECT,ads.stickyadstv.com:443
8559,TCP_TUNNEL,200,35.211.178.172,5712,CONNECT,x.bidswitch.net:443
197,TCP_TUNNEL,200,38.98.139.151,1016,CONNECT,ads.stickyadstv.com:443
10912,TCP_TUNNEL,200,172.217.2.35,2077,CONNECT,ssl.gstatic.com:443
7906,TCP_TUNNEL,200,37.157.6.254,5834,CONNECT,track.adform.net:443
8244,TCP_TUNNEL,200,35.71.131.137,6307,CONNECT,match.adsrvr.org:443
1559,TCP_TUNNEL,200,169.197.150.8,7241,CONNECT,match.deepintent.com:443
9448,TCP_TUNNEL,200,108.156.184.98,2697,CONNECT,js.adscale.de:443
3055,TCP_TUNNEL,200,108.156.184.109,929,CONNECT,sb.scorecardresearch.com:443
7924,TCP_TUNNEL,200,172.217.4.78,2798,CONNECT,clients4.google.com:443
9563,TCP_TUNNEL,200,67.202.105.22,10779,CONNECT,ssc-cms.33across.com:443
9064,TCP_TUNNEL,200,104.98.89.221,4106,CONNECT,secure-assets.rubiconproject.com:443
8633,TCP_TUNNEL,200,3.225.218.10,7180,CONNECT,ups.analytics.yahoo.com:443
8831,TCP_TUNNEL,200,74.119.119.150,1104,CONNECT,dis.criteo.com:443
2740,TCP_TUNNEL,200,35.244.210.213,8384,CONNECT,freewheel.adhaven.com:443
4750,TCP_TUNNEL,200,34.206.121.29,6098,CONNECT,rtb.gumgum.com:443
221,TCP_TUNNEL,200,104.18.25.173,3298,CONNECT,a.tribalfusion.com:443
8444,TCP_TUNNEL,200,34.117.239.71,6497,CONNECT,events-ssc.33across.com:443
6827,TCP_TUNNEL,200,172.217.2.35,2049,CONNECT,ssl.gstatic.com:443
684,TCP_TUNNEL,200,216.239.32.21,5443,CONNECT,jelly.mdhv.io:443
10078,TCP_TUNNEL,200,35.156.241.245,14054,CONNECT,ih.adscale.de:443
7037,TCP_TUNNEL,200,142.250.191.194,2474,CONNECT,cm.g.doubleclick.net:443
8234,TCP_TUNNEL,200,159.127.42.140,4774,CONNECT,33across-match.dotomi.com:443
9329,TCP_TUNNEL,200,67.202.105.33,11553,CONNECT,de.tynt.com:443
1124,TCP_TUNNEL,200,34.150.170.96,4917,CONNECT,um.simpli.fi:443
10013,TCP_TUNNEL,200,35.186.252.235,5931,CONNECT,dmp.suntcontent.se:443
10000,TCP_TUNNEL,200,151.101.147.5,49753,CONNECT,www.cnn.com:443
10851,TCP_TUNNEL,200,212.77.98.32,21629,CONNECT,std.wpcdn.pl:443
8234,TCP_TUNNEL,200,52.223.22.214,6478,CONNECT,eb2.3lift.com:443
103,TCP_TUNNEL,200,172.98.26.242,4627,CONNECT,s.e-planning.net:443
114,TCP_TUNNEL,200,172.98.26.246,4627,CONNECT,u-iad04.e-planning.net:443
1122,TCP_TUNNEL,200,192.40.36.238,7955,CONNECT,ssum.casalemedia.com:443
2998,TCP_TUNNEL,200,38.98.139.151,850,CONNECT,ads.stickyadstv.com:443
1059,TCP_TUNNEL,200,35.214.153.92,5524,CONNECT,csync.loopme.me:443
1172,TCP_TUNNEL,200,192.40.36.238,7039,CONNECT,ssum-sec.casalemedia.com:443
2820,TCP_TUNNEL,200,8.2.110.134,7582,CONNECT,cs.krushmedia.com:443
1904,TCP_TUNNEL,200,184.31.194.223,1172,CONNECT,eus.rubiconproject.com:443
3231,TCP_TUNNEL,200,68.67.161.182,20144,CONNECT,ib.adnxs.com:443
1619,TCP_TUNNEL,200,199.38.167.130,7875,CONNECT,p.rfihub.com:443
1865,TCP_TUNNEL,200,69.173.151.100,4364,CONNECT,pixel-us-east.rubiconproject.com:443
2084,TCP_TUNNEL,200,52.46.143.56,1060,CONNECT,s.amazon-adsystem.com:443
725,TCP_TUNNEL,200,69.166.1.12,6626,CONNECT,sync.go.sonobi.com:443
1434,TCP_TUNNEL,200,69.90.254.78,10848,CONNECT,ums.acuityplatform.com:443
213,TCP_TUNNEL,200,3.231.143.24,5610,CONNECT,bea4.v.fwmrm.net:443
275,TCP_TUNNEL,200,68.67.161.182,6961,CONNECT,ib.adnxs.com:443
3852,TCP_TUNNEL,200,35.211.178.172,5653,CONNECT,x.bidswitch.net:443
303,TCP_TUNNEL,200,54.83.89.193,569,CONNECT,logx.optimizely.com:443
2209,TCP_TUNNEL,200,172.98.26.246,5696,CONNECT,sync.e-planning.net:443
1295,TCP_TUNNEL,200,34.150.170.96,861,CONNECT,um.simpli.fi:443
1566,TCP_TUNNEL,200,185.167.164.37,909,CONNECT,c1.adform.net:443
2427,TCP_TUNNEL,200,142.250.191.194,2382,CONNECT,cm.g.doubleclick.net:443
1361,TCP_TUNNEL,200,169.197.150.8,7228,CONNECT,match.deepintent.com:443
304,TCP_TUNNEL,200,13.248.140.122,6066,CONNECT,collector.cdp.cnn.com:443
2778,TCP_TUNNEL,200,172.98.26.242,7004,CONNECT,s.e-planning.net:443
2427,TCP_TUNNEL,200,3.220.4.20,6024,CONNECT,match.sharethrough.com:443
2200,TCP_TUNNEL,200,34.202.153.158,943,CONNECT,pr-bh.ybp.yahoo.com:443
484,TCP_TUNNEL,200,172.67.8.174,3655,CONNECT,cdn.connectad.io:443
4101,TCP_TUNNEL,200,198.148.27.140,3437,CONNECT,bh.contextweb.com:443
2231,TCP_TUNNEL,200,34.201.238.83,5859,CONNECT,rtb.adentifi.com:443
3003,TCP_TUNNEL,200,172.98.26.246,6945,CONNECT,ads.us.e-planning.net:443
351,TCP_TUNNEL,200,172.217.4.194,1973,CONNECT,googleads.g.doubleclick.net:443
2432,TCP_TUNNEL,200,172.98.26.246,5696,CONNECT,u-iad04.e-planning.net:443
2759,TCP_TUNNEL,200,205.234.175.175,7342,CONNECT,i.e-planning.net:443
789,TCP_TUNNEL,200,152.199.5.184,12199,CONNECT,ad-cdn.technoratimedia.com:443
14448,TCP_TUNNEL,200,142.250.191.162,2189,CONNECT,pagead2.googlesyndication.com:443
502,TCP_TUNNEL,200,150.136.25.38,4515,CONNECT,sync.technoratimedia.com:443
2841,TCP_TUNNEL,200,104.98.89.221,1088,CONNECT,secure-assets.rubiconproject.com:443
2834,TCP_TUNNEL,200,23.56.12.215,12397,CONNECT,ads.pubmatic.com:443
2506,TCP_TUNNEL,200,52.223.22.214,13814,CONNECT,eb2.3lift.com:443
301,TCP_TUNNEL,200,172.67.8.174,4796,CONNECT,sync-eu.connectad.io:443
154,TCP_TUNNEL,200,52.223.40.198,4585,CONNECT,insight.adsrvr.org:443
153,TCP_TUNNEL,200,35.71.131.137,6343,CONNECT,match.adsrvr.org:443
159,TCP_TUNNEL,200,74.119.119.139,607,CONNECT,gum.criteo.com:443
177,TCP_TUNNEL,200,34.98.64.218,2286,CONNECT,us-u.openx.net:443
163,TCP_TUNNEL,200,34.192.112.4,5938,CONNECT,ad.360yield.com:443
169,TCP_TUNNEL,200,3.225.218.10,7207,CONNECT,ups.analytics.yahoo.com:443
166,TCP_TUNNEL,200,192.40.36.238,7051,CONNECT,ssum-sec.casalemedia.com:443
180,TCP_TUNNEL,200,159.127.42.140,4809,CONNECT,synacor-match.dotomi.com:443
154,TCP_TUNNEL,200,184.31.194.223,1172,CONNECT,eus.rubiconproject.com:443
193,TCP_TUNNEL,200,23.203.40.28,1203,CONNECT,contextual.media.net:443
194,TCP_TUNNEL,200,67.202.105.21,7082,CONNECT,pixel.33across.com:443
206,TCP_TUNNEL,200,51.222.39.186,1850,CONNECT,onetag-sys.com:443
145,TCP_TUNNEL,200,108.156.184.109,976,CONNECT,cm.smadex.com:443
208,TCP_TUNNEL,200,141.226.124.48,528,CONNECT,sync.taboola.com:443
211,TCP_TUNNEL,200,162.210.196.208,6696,CONNECT,sync.aralego.com:443
235,TCP_TUNNEL,200,68.67.178.10,1249,CONNECT,secure.adnxs.com:443
179,TCP_TUNNEL,200,199.127.204.142,5102,CONNECT,sync.1rx.io:443
179,TCP_TUNNEL,200,34.111.8.32,1220,CONNECT,events.bouncex.net:443
184,TCP_TUNNEL,200,8.2.110.206,5790,CONNECT,cs.mobfox.com:443
173,TCP_TUNNEL,200,34.102.163.6,5693,CONNECT,ad.mrtnsvr.com:443
288,TCP_TUNNEL,200,199.127.204.142,6059,CONNECT,sync.1rx.io:443
215,TCP_TUNNEL,200,35.190.60.146,3973,CONNECT,id.rlcdn.com:443
202,TCP_TUNNEL,200,35.190.60.146,3945,CONNECT,idsync.rlcdn.com:443
233,TCP_TUNNEL,200,34.225.12.89,5502,CONNECT,dpm.demdex.net:443
333,TCP_TUNNEL,200,35.211.178.172,6322,CONNECT,x.bidswitch.net:443
342,TCP_TUNNEL,200,23.23.35.108,494,CONNECT,match.prod.bidr.io:443
275,TCP_TUNNEL,200,104.18.101.194,3417,CONNECT,p.adsymptotic.com:443
157,TCP_TUNNEL,200,34.202.153.158,943,CONNECT,pr-bh.ybp.yahoo.com:443
208,TCP_TUNNEL,200,52.0.200.77,6518,CONNECT,i.liadm.com:443
250,TCP_TUNNEL,200,199.187.193.179,4580,CONNECT,sync.smartadserver.com:443
284,TCP_TUNNEL,200,68.67.161.182,6894,CONNECT,ib.adnxs.com:443
235,TCP_TUNNEL,200,74.119.119.150,4302,CONNECT,dis.criteo.com:443
278,TCP_TUNNEL,200,150.136.25.38,6511,CONNECT,sync.technoratimedia.com:443
240,TCP_TUNNEL,200,67.202.105.33,6023,CONNECT,de.tynt.com:443
278,TCP_TUNNEL,200,72.246.22.77,5089,CONNECT,tags.bluekai.com:443
207,TCP_TUNNEL,200,35.211.233.246,5500,CONNECT,a.sportradarserving.com:443
255,TCP_TUNNEL,200,142.250.191.194,2881,CONNECT,cm.g.doubleclick.net:443
114,TCP_TUNNEL,200,150.136.25.38,3204,CONNECT,uat-net.technoratimedia.com:443
120,TCP_TUNNEL,200,150.136.25.38,3204,CONNECT,uat-net.technoratimedia.com:443
249,TCP_TUNNEL,200,8.2.110.134,1195,CONNECT,cs.krushmedia.com:443
316,TCP_TUNNEL,200,68.67.161.182,1238,CONNECT,ib.adnxs.com:443
307,TCP_TUNNEL,200,69.173.151.100,4364,CONNECT,pixel-us-east.rubiconproject.com:443
298,TCP_TUNNEL,200,69.173.151.100,4300,CONNECT,pixel.rubiconproject.com:443
167,TCP_TUNNEL,200,3.216.1.77,535,CONNECT,sync.srv.stackadapt.com:443
176,TCP_TUNNEL,200,8.2.110.206,1347,CONNECT,cs.mobfox.com:443
390,TCP_TUNNEL,200,199.127.204.142,5776,CONNECT,sync.targeting.unrulymedia.com:443
495,TCP_TUNNEL,200,63.33.92.175,5848,CONNECT,s.cpx.to:443
396,TCP_TUNNEL,200,199.127.204.142,5769,CONNECT,sync.targeting.unrulymedia.com:443
231,TCP_TUNNEL,200,35.211.178.172,5876,CONNECT,x.bidswitch.net:443
222,TCP_TUNNEL,200,199.38.167.130,8246,CONNECT,p.rfihub.com:443
282,TCP_TUNNEL,200,52.46.143.56,684,CONNECT,s.amazon-adsystem.com:443
196,TCP_TUNNEL,200,192.40.36.238,7076,CONNECT,ssum-sec.casalemedia.com:443
475,TCP_TUNNEL,200,35.211.178.172,5876,CONNECT,x.bidswitch.net:443
307,TCP_TUNNEL,200,68.67.161.182,7054,CONNECT,ib.adnxs.com:443
176,TCP_TUNNEL,200,8.2.110.206,1169,CONNECT,cs.mobfox.com:443
965,TCP_TUNNEL,200,35.211.178.172,5881,CONNECT,x.bidswitch.net:443
179,TCP_TUNNEL,200,8.2.111.13,6905,CONNECT,cs.iqzone.com:443
219,TCP_TUNNEL,200,52.0.200.77,979,CONNECT,i.liadm.com:443
303,TCP_TUNNEL,200,8.2.110.206,1935,CONNECT,cs.mobfox.com:443
1738,TCP_TUNNEL,200,173.222.111.53,1137,CONNECT,stags.bluekai.com:443
1606,TCP_TUNNEL,200,3.225.218.10,7102,CONNECT,ups.analytics.yahoo.com:443
1757,TCP_TUNNEL,200,52.223.22.214,7530,CONNECT,eb2.3lift.com:443
1047,TCP_TUNNEL,200,162.248.18.34,873,CONNECT,image4.pubmatic.com:443
1515,TCP_TUNNEL,200,35.71.131.137,6579,CONNECT,match.adsrvr.org:443
1550,TCP_TUNNEL,200,34.98.64.218,2822,CONNECT,us-u.openx.net:443
1245,TCP_TUNNEL,200,34.117.239.71,1973,CONNECT,events-ssc.33across.com:443
1273,TCP_TUNNEL,200,108.156.184.87,1545,CONNECT,aa.agkn.com:443
1663,TCP_TUNNEL,200,150.136.25.38,6266,CONNECT,uat-net.technoratimedia.com:443
1523,TCP_TUNNEL,200,67.202.105.22,4750,CONNECT,ssc-cms.33across.com:443
1489,TCP_TUNNEL,200,23.56.12.215,12397,CONNECT,ads.pubmatic.com:443
1445,TCP_TUNNEL,200,150.136.25.38,1571,CONNECT,sync.technoratimedia.com:443
987,TCP_TUNNEL,200,34.111.8.32,1774,CONNECT,events.bouncex.net:443
1713,TCP_TUNNEL,200,35.174.182.96,6282,CONNECT,rtb.adstanding.com:443
1693,TCP_TUNNEL,200,108.156.172.91,3498,CONNECT,live.rezync.com:443
1461,TCP_TUNNEL,200,142.250.191.194,1933,CONNECT,cm.g.doubleclick.net:443
1757,TCP_TUNNEL,200,51.222.39.186,4910,CONNECT,onetag-sys.com:443
1828,TCP_TUNNEL,200,192.184.69.201,872,CONNECT,cms.quantserve.com:443
1572,TCP_TUNNEL,200,107.178.254.65,2981,CONNECT,pippio.com:443
1297,TCP_TUNNEL,200,8.28.7.82,1382,CONNECT,image8.pubmatic.com:443
1304,TCP_TUNNEL,200,34.111.113.62,1610,CONNECT,pixel.tapad.com:443
1268,TCP_TUNNEL,200,34.117.239.71,5662,CONNECT,cms-xch-chicago.33across.com:443
1515,TCP_TUNNEL,200,207.198.113.89,6018,CONNECT,pixel-sync.sitescout.com:443
2658,TCP_TUNNEL,200,3.231.143.24,5330,CONNECT,bea4.v.fwmrm.net:443
600,TCP_TUNNEL,200,52.41.135.140,5509,CONNECT,console.us-west-1.cdp.cloudera.com:443
2334,TCP_TUNNEL,200,54.83.89.193,569,CONNECT,logx.optimizely.com:443
3462,TCP_TUNNEL,200,52.46.143.56,1060,CONNECT,s.amazon-adsystem.com:443
733,TCP_TUNNEL,200,68.67.153.61,11220,CONNECT,prebid.adnxs.com:443
1279,TCP_TUNNEL,200,199.127.204.142,717,CONNECT,sync.1rx.io:443
1078,TCP_TUNNEL,200,199.127.204.142,839,CONNECT,sync.targeting.unrulymedia.com:443
2609,TCP_TUNNEL,200,172.217.0.162,2113,CONNECT,ade.googlesyndication.com:443
3687,TCP_TUNNEL,200,35.163.122.238,1093,CONNECT,dt.adsafeprotected.com:443
3422,TCP_TUNNEL,200,172.217.4.78,2618,CONNECT,clients4.google.com:443
2978,TCP_TUNNEL,200,108.156.184.109,930,CONNECT,sb.scorecardresearch.com:443
2480,TCP_TUNNEL,200,99.83.181.31,5901,CONNECT,signal-metrics-collector-beta.s-onetag.com:443
4621,TCP_TUNNEL,200,64.247.193.132,6653,CONNECT,sync.colossusssp.com:443
2464,TCP_TUNNEL,200,13.248.140.122,6095,CONNECT,collector.cdp.cnn.com:443
2669,TCP_TUNNEL,200,35.163.122.238,576,CONNECT,dt.adsafeprotected.com:443
2874,TCP_TUNNEL,200,52.223.40.198,4714,CONNECT,insight.adsrvr.org:443
2768,TCP_TUNNEL,200,63.140.38.139,4175,CONNECT,smetrics.cnn.com:443
2480,TCP_TUNNEL,200,99.83.161.114,468,CONNECT,receive.wmcdp.io:443
2890,TCP_TUNNEL,200,34.111.8.32,1220,CONNECT,events.bouncex.net:443
488,TCP_TUNNEL,200,172.64.207.35,17356,CONNECT,s.0cf.io:443
2110,TCP_TUNNEL,200,31.13.66.35,56617,CONNECT,www.facebook.com:443
2874,TCP_TUNNEL,200,23.23.250.92,635,CONNECT,unified.adsafeprotected.com:443
5474,TCP_TUNNEL,200,34.111.8.32,20555,CONNECT,cnn.bounceexchange.com:443
2507,TCP_TUNNEL,200,68.67.161.182,23774,CONNECT,ib.adnxs.com:443
164,TCP_TUNNEL,200,172.217.4.74,1388,CONNECT,fonts.googleapis.com:443
210,TCP_TUNNEL,200,69.175.41.32,6976,CONNECT,ap.lijit.com:443
435,TCP_TUNNEL,200,68.67.161.182,7189,CONNECT,ib.adnxs.com:443
225,TCP_TUNNEL,200,192.40.36.238,7085,CONNECT,ssum.casalemedia.com:443
289,TCP_TUNNEL,200,199.187.193.179,4632,CONNECT,ssbsync-global.smartadserver.com:443
201,TCP_TUNNEL,200,142.250.190.67,1379,CONNECT,fonts.gstatic.com:443
653,TCP_TUNNEL,200,199.127.204.142,706,CONNECT,sync.1rx.io:443
219,TCP_TUNNEL,200,68.67.161.182,7302,CONNECT,ib.adnxs.com:443
411,TCP_TUNNEL,200,68.67.153.61,11093,CONNECT,prebid.adnxs.com:443
1001,TCP_TUNNEL,200,69.166.1.12,997,CONNECT,sync.go.sonobi.com:443
1136,TCP_TUNNEL,200,216.200.232.249,4283,CONNECT,sync.mathtag.com:443
188,TCP_TUNNEL,200,54.83.89.193,569,CONNECT,logx.optimizely.com:443
974,TCP_TUNNEL,200,199.127.204.142,842,CONNECT,sync.targeting.unrulymedia.com:443
188,TCP_TUNNEL,200,54.83.89.193,569,CONNECT,logx.optimizely.com:443
1247,TCP_TUNNEL,200,35.186.253.211,4352,CONNECT,rtb.openx.net:443
1261,TCP_TUNNEL,200,3.225.218.10,7242,CONNECT,ups.analytics.yahoo.com:443
1262,TCP_TUNNEL,200,18.221.100.6,6983,CONNECT,ads.servenobid.com:443
1254,TCP_TUNNEL,200,8.28.7.82,1303,CONNECT,image8.pubmatic.com:443
1262,TCP_TUNNEL,200,104.119.184.25,5394,CONNECT,hbx.media.net:443
1254,TCP_TUNNEL,200,147.28.129.37,1026,CONNECT,prebid.a-mo.net:443
1261,TCP_TUNNEL,200,3.220.4.20,526,CONNECT,match.sharethrough.com:443
1262,TCP_TUNNEL,200,159.127.42.137,4833,CONNECT,prebid-match.dotomi.com:443
994,TCP_TUNNEL,200,162.248.18.34,668,CONNECT,image4.pubmatic.com:443
1000,TCP_TUNNEL,200,52.209.226.44,6281,CONNECT,ad.audiencemanager.de:443
1212,TCP_TUNNEL,200,34.111.8.32,1390,CONNECT,events.bouncex.net:443
1423,TCP_TUNNEL,200,52.223.22.214,6097,CONNECT,eb2.3lift.com:443
1112,TCP_TUNNEL,200,172.64.207.35,29827,CONNECT,s.0cf.io:443
1256,TCP_TUNNEL,200,67.202.105.22,993,CONNECT,ssc-cms.33across.com:443
1236,TCP_TUNNEL,200,142.250.191.162,1878,CONNECT,pagead2.googlesyndication.com:443
305,TCP_TUNNEL,200,144.126.248.223,5324,CONNECT,x.videobyte.com:443
1025,TCP_TUNNEL,200,172.67.8.174,2918,CONNECT,sync-eu.connectad.io:443
1466,TCP_TUNNEL,200,44.213.234.195,5074,CONNECT,prebid-server.rubiconproject.com:443
1257,TCP_TUNNEL,200,34.206.121.29,714,CONNECT,rtb.gumgum.com:443
1282,TCP_TUNNEL,200,172.67.8.174,1706,CONNECT,cdn.connectad.io:443
1499,TCP_TUNNEL,200,3.134.50.35,6176,CONNECT,rtb.gamoshi.io:443
1453,TCP_TUNNEL,200,35.71.131.137,6295,CONNECT,match.adsrvr.org:443
1255,TCP_TUNNEL,200,198.148.27.140,1302,CONNECT,bh.contextweb.com:443
2057,TCP_TUNNEL,200,68.67.161.182,21438,CONNECT,ib.adnxs.com:443
161,TCP_TUNNEL,200,184.31.194.223,1172,CONNECT,eus.rubiconproject.com:443
242,TCP_TUNNEL,200,52.46.143.56,1060,CONNECT,s.amazon-adsystem.com:443
1319,TCP_TUNNEL,200,8.2.110.24,719,CONNECT,sync.admanmedia.com:443
341,TCP_TUNNEL,200,69.173.151.100,4364,CONNECT,pixel.rubiconproject.com:443
397,TCP_TUNNEL,200,69.173.151.100,4348,CONNECT,pixel.rubiconproject.com:443
1167,TCP_TUNNEL,200,192.40.36.238,8562,CONNECT,ssum-sec.casalemedia.com:443
2788,TCP_TUNNEL,200,99.83.161.114,684,CONNECT,receive.wmcdp.io:443
2788,TCP_TUNNEL,200,142.250.191.162,13226,CONNECT,pagead2.googlesyndication.com:443
2610,TCP_TUNNEL,200,159.127.42.137,568,CONNECT,prebid-match.dotomi.com:443
1805,TCP_TUNNEL,200,172.64.207.35,1889,CONNECT,s.0cf.io:443
1192,TCP_TUNNEL,200,34.98.64.218,1242,CONNECT,us-u.openx.net:443
516,TCP_TUNNEL,200,8.28.7.82,1306,CONNECT,image8.pubmatic.com:443
979,TCP_TUNNEL,200,108.156.172.95,9441,CONNECT,usr.undertone.com:443
979,TCP_TUNNEL,200,3.225.218.10,9322,CONNECT,ups.analytics.yahoo.com:443
784,TCP_TUNNEL,200,142.250.191.194,2382,CONNECT,cm.g.doubleclick.net:443
1385,TCP_TUNNEL,200,108.156.184.84,9420,CONNECT,cdn.undertone.com:443
1191,TCP_TUNNEL,200,104.98.89.221,859,CONNECT,secure-assets.rubiconproject.com:443
2787,TCP_TUNNEL,200,74.119.119.139,673,CONNECT,gum.criteo.com:443
2754,TCP_TUNNEL,200,3.231.65.19,5045,CONNECT,mabping.chartbeat.net:443
797,TCP_TUNNEL,200,35.71.131.137,6364,CONNECT,match.adsrvr.org:443
2474,TCP_TUNNEL,200,172.217.0.164,2974,CONNECT,www.google.com:443
973,TCP_TUNNEL,200,35.186.194.58,1167,CONNECT,rs.fullstory.com:443
269,TCP_TUNNEL,200,162.248.18.34,683,CONNECT,image4.pubmatic.com:443
365,TCP_TUNNEL,200,207.198.113.89,5862,CONNECT,pixel-sync.sitescout.com:443
2324,TCP_TUNNEL,200,107.178.241.34,5935,CONNECT,dmp.nativendo.de:443
990,TCP_TUNNEL,200,34.202.153.158,972,CONNECT,pr-bh.ybp.yahoo.com:443
2373,TCP_TUNNEL,200,142.250.191.193,1568,CONNECT,tpc.googlesyndication.com:443
1197,TCP_TUNNEL,200,3.225.218.10,5438,CONNECT,pixel.advertising.com:443
1319,TCP_TUNNEL,200,142.250.191.202,1835,CONNECT,signaler-pa.clients6.google.com:443
2759,TCP_TUNNEL,200,52.5.108.107,4271,CONNECT,ping.chartbeat.net:443
1891,TCP_TUNNEL,200,172.64.196.2,4537,CONNECT,dblksync.dblks.net:443
2215,TCP_TUNNEL,200,142.250.191.162,1914,CONNECT,pagead2.googlesyndication.com:443
5124,TCP_TUNNEL,200,54.91.22.119,5120,CONNECT,www.summerhamster.com:443
11427,TCP_TUNNEL,200,68.67.161.182,15261,CONNECT,ib.adnxs.com:443
10054,TCP_TUNNEL,200,172.217.0.164,414,CONNECT,www.google.com:443
60118,TCP_TUNNEL,200,52.0.139.145,746,CONNECT,beacon.krxd.net:443
60120,TCP_TUNNEL,200,54.163.114.10,6428,CONNECT,aorta.clickagy.com:443
60133,TCP_TUNNEL,200,169.197.150.8,7287,CONNECT,match.deepintent.com:443
63603,TCP_TUNNEL,200,34.225.12.89,1184,CONNECT,dpm.demdex.net:443
65151,TCP_TUNNEL,200,35.211.178.172,5686,CONNECT,x.bidswitch.net:443
5591,TCP_TUNNEL,200,34.176.4.59,5169,CONNECT,e2cs55.gcp.gvt2.com:443
10047,TCP_TUNNEL,200,172.217.0.164,414,CONNECT,www.google.com:443
87934,TCP_TUNNEL,200,199.127.193.108,8472,CONNECT,a6709203f34992a5095d2bc7ceaf2ec504f651a8.cws.conviva.com:443
210,TCP_TUNNEL,200,3.231.143.24,5610,CONNECT,bea4.v.fwmrm.net:443
95484,TCP_TUNNEL,200,52.41.135.140,2161,CONNECT,console.us-west-1.cdp.cloudera.com:443
95501,TCP_TUNNEL,200,52.41.135.140,2799,CONNECT,console.us-west-1.cdp.cloudera.com:443
95907,TCP_TUNNEL,200,52.41.135.140,1284,CONNECT,console.us-west-1.cdp.cloudera.com:443
96454,TCP_TUNNEL,200,52.41.135.140,1922,CONNECT,console.us-west-1.cdp.cloudera.com:443
96467,TCP_TUNNEL,200,52.41.135.140,5079,CONNECT,console.us-west-1.cdp.cloudera.com:443
1514,TCP_TUNNEL,200,34.235.56.197,5875,CONNECT,logx.optimizely.com:443
71105,TCP_TUNNEL,200,172.67.8.174,2888,CONNECT,sync-eu.connectad.io:443
82348,TCP_TUNNEL,200,172.253.63.94,7044,CONNECT,beacons.gcp.gvt2.com:443
70777,TCP_TUNNEL,200,68.67.153.61,11093,CONNECT,prebid.adnxs.com:443
90527,TCP_TUNNEL,200,172.217.2.35,2545,CONNECT,ssl.gstatic.com:443
95446,TCP_TUNNEL,200,108.156.172.66,3910,CONNECT,mms.cnn.com:443
97466,TCP_TUNNEL,200,52.5.108.107,5314,CONNECT,ping.chartbeat.net:443
25055,TCP_TUNNEL,200,142.250.191.174,3171,CONNECT,play.google.com:443
976,TCP_TUNNEL,200,34.111.8.32,1605,CONNECT,events.bouncex.net:443
46284,TCP_TUNNEL,200,35.186.194.58,1617,CONNECT,rs.fullstory.com:443
12288,TCP_TUNNEL,200,151.101.147.5,918,CONNECT,data.cnn.com:443
4999,TCP_TUNNEL,200,142.250.190.131,2077,CONNECT,ssl.gstatic.com:443
1585,TCP_TUNNEL,200,142.250.190.98,2026,CONNECT,googleads.g.doubleclick.net:443
97461,TCP_TUNNEL,200,108.156.184.109,2798,CONNECT,sb.scorecardresearch.com:443
100402,TCP_TUNNEL,200,104.114.164.133,6071,CONNECT,cw.addthis.com:443
96509,TCP_TUNNEL,200,3.222.33.104,2352,CONNECT,track.dictionary.com:443
93351,TCP_TUNNEL,200,172.217.4.78,6560,CONNECT,clients4.google.com:443
100161,TCP_TUNNEL,200,72.246.22.77,1047,CONNECT,tags.bluekai.com:443
99526,TCP_TUNNEL,200,142.250.191.162,4605,CONNECT,pagead2.googlesyndication.com:443
984,TCP_TUNNEL,200,34.111.8.32,11023,CONNECT,cnn.bounceexchange.com:443
1552,TCP_TUNNEL,200,13.248.140.122,6067,CONNECT,collector.cdp.cnn.com:443
9121,TCP_TUNNEL,200,142.250.191.163,2379,CONNECT,beacons.gvt2.com:443
99961,TCP_TUNNEL,200,35.190.60.146,3962,CONNECT,idsync.rlcdn.com:443
36300,TCP_TUNNEL,200,142.250.190.5,38629,CONNECT,mail.google.com:443
39744,TCP_TUNNEL,200,142.250.191.202,1835,CONNECT,signaler-pa.clients6.google.com:443
5800,TCP_TUNNEL,200,3.231.143.24,4884,CONNECT,bea4.v.fwmrm.net:443
6370,TCP_TUNNEL,200,8.251.199.252,849104,CONNECT,clips-media-ctl.warnermediacdn.com:443
5856,TCP_TUNNEL,200,34.235.56.197,569,CONNECT,logx.optimizely.com:443
1010,TCP_TUNNEL,200,142.250.190.131,1373,CONNECT,ssl.gstatic.com:443
1027,TCP_TUNNEL,200,142.250.191.163,1373,CONNECT,www.gstatic.com:443
125,TCP_TUNNEL,200,151.101.130.217,5002,CONNECT,browser.sentry-cdn.com:443
877,TCP_TUNNEL,200,172.217.5.2,1388,CONNECT,adservice.google.com:443
794,TCP_TUNNEL,200,108.156.172.58,6872,CONNECT,audience.zeustechnology.com:443
902,TCP_TUNNEL,200,151.101.2.217,5002,CONNECT,js.sentry-cdn.com:443
902,TCP_TUNNEL,200,142.250.191.206,1400,CONNECT,www.google-analytics.com:443
896,TCP_TUNNEL,200,142.250.190.136,1400,CONNECT,www.googletagmanager.com:443
1187,TCP_TUNNEL,200,104.98.85.192,6218,CONNECT,www.washingtonpost.com:443
6271,TCP_TUNNEL,200,3.85.58.17,4529,CONNECT,ping.chartbeat.net:443
6767,TCP_TUNNEL,200,99.83.181.31,5800,CONNECT,signal-metrics-collector-beta.s-onetag.com:443
2131,TCP_TUNNEL,200,142.250.191.194,1878,CONNECT,pagead2.googlesyndication.com:443
6137,TCP_TUNNEL,200,172.217.2.46,67791,CONNECT,encrypted-tbn0.gstatic.com:443
6545,TCP_TUNNEL,200,172.217.1.106,3306,CONNECT,appsitemsuggest-pa.googleapis.com:443
3288,TCP_TUNNEL,200,142.250.190.131,2049,CONNECT,ssl.gstatic.com:443
2177,TCP_TUNNEL,200,142.250.191.206,16882,CONNECT,ogs.google.com:443
6065,TCP_TUNNEL,200,172.253.63.94,2391,CONNECT,beacons.gcp.gvt2.com:443
6758,TCP_TUNNEL,200,99.83.161.114,468,CONNECT,receive.wmcdp.io:443
788,TCP_TUNNEL,200,151.101.2.217,6604,CONNECT,js.sentry-cdn.com:443
1200,TCP_TUNNEL,200,172.217.2.42,2574,CONNECT,optimizationguide-pa.googleapis.com:443
758,TCP_TUNNEL,200,172.217.2.46,2812,CONNECT,clients4.google.com:443
3037,TCP_TUNNEL,200,142.250.190.46,2361,CONNECT,google.com:443
6712,TCP_TUNNEL,200,13.248.140.122,6067,CONNECT,collector.cdp.cnn.com:443
6686,TCP_TUNNEL,200,172.217.0.161,2631013,CONNECT,lh5.googleusercontent.com:443
6510,TCP_TUNNEL,200,172.217.0.162,1940,CONNECT,ade.googlesyndication.com:443
6712,TCP_TUNNEL,200,172.217.0.164,67252,CONNECT,www.google.com:443
5628,TCP_TUNNEL,200,172.217.2.42,5296,CONNECT,cloudsearch.googleapis.com:443
8093,TCP_TUNNEL,200,52.223.40.198,4714,CONNECT,insight.adsrvr.org:443
794,TCP_TUNNEL,200,72.247.63.24,54131,CONNECT,s.go-mpulse.net:443
6259,TCP_TUNNEL,200,34.111.8.32,10686,CONNECT,cnn.bounceexchange.com:443
6254,TCP_TUNNEL,200,34.111.8.32,1606,CONNECT,events.bouncex.net:443
86,TCP_TUNNEL,200,104.98.85.192,5644,CONNECT,subscribe.washingtonpost.com:443
91,TCP_TUNNEL,200,23.66.127.153,3694,CONNECT,newsletters.washingtonpost.com:443
72,TCP_TUNNEL,200,23.66.127.153,3694,CONNECT,newsletters.washingtonpost.com:443
91,TCP_TUNNEL,200,23.66.127.153,3694,CONNECT,newsletters.washingtonpost.com:443
72,TCP_TUNNEL,200,23.66.127.153,3694,CONNECT,newsletters.washingtonpost.com:443
1698,TCP_TUNNEL,200,23.66.127.153,17722,CONNECT,newsletters.washingtonpost.com:443
743,TCP_TUNNEL,200,172.217.4.34,169557,CONNECT,securepubads.g.doubleclick.net:443
738,TCP_TUNNEL,200,108.156.164.236,57227,CONNECT,c.amazon-adsystem.com:443
748,TCP_TUNNEL,200,108.156.172.58,6872,CONNECT,audience.zeustechnology.com:443
602,TCP_TUNNEL,200,34.107.254.252,5731,CONNECT,api.permutive.com:443
142,TCP_TUNNEL,200,108.156.178.140,6910,CONNECT,d2p9l91d5g68ru.cloudfront.net:443
288,TCP_TUNNEL,200,108.156.164.14,25917,CONNECT,static.chartbeat.com:443
299,TCP_TUNNEL,200,108.156.184.109,3423,CONNECT,sb.scorecardresearch.com:443
754,TCP_TUNNEL,200,74.119.119.131,41184,CONNECT,static.criteo.net:443
607,TCP_TUNNEL,200,34.107.254.252,6023,CONNECT,api.permutive.com:443
2917,TCP_TUNNEL,200,104.98.85.192,2471920,CONNECT,www.washingtonpost.com:443
1431,TCP_TUNNEL,200,172.217.0.164,31085,CONNECT,www.google.com:443
1427,TCP_TUNNEL,200,142.250.190.110,55348,CONNECT,www.googleoptimize.com:443
749,TCP_TUNNEL,200,151.101.146.217,57997,CONNECT,scripts.webcontentassessor.com:443
1427,TCP_TUNNEL,200,142.250.190.136,201969,CONNECT,www.googletagmanager.com:443
665,TCP_TUNNEL,200,142.250.191.163,174939,CONNECT,www.gstatic.com:443
264,TCP_TUNNEL,200,142.250.191.206,22409,CONNECT,www.google-analytics.com:443
1422,TCP_TUNNEL,200,104.16.126.175,6415,CONNECT,unpkg.com:443
1386,TCP_TUNNEL,200,93.184.216.86,15867,CONNECT,g.3gl.net:443
171,TCP_TUNNEL,200,108.156.164.236,3656,CONNECT,c.amazon-adsystem.com:443
1711,TCP_TUNNEL,200,104.18.0.175,110014,CONNECT,5f1f2661-22d4-401c-9c10-4d7647fb6edc.edge.permutive.app:443
1721,TCP_TUNNEL,200,104.98.85.192,11705,CONNECT,subscribe.washingtonpost.com:443
618,TCP_TUNNEL,200,104.19.149.54,4259,CONNECT,cdn.permutive.com:443
886,TCP_TUNNEL,200,184.26.152.48,3737,CONNECT,c.go-mpulse.net:443
1127,TCP_TUNNEL,200,35.211.165.199,5704,CONNECT,grid.bidswitch.net:443
1126,TCP_TUNNEL,200,68.67.161.182,10624,CONNECT,ib.adnxs.com:443
643,TCP_TUNNEL,200,209.54.182.161,2785,CONNECT,s.amazon-adsystem.com:443
828,TCP_TUNNEL,200,172.217.4.65,9096,CONNECT,9234602f55ac30855122275dde6f96aa.safeframe.googlesyndication.com:443
1457,TCP_TUNNEL,200,108.156.187.204,1573,CONNECT,aax.amazon-adsystem.com:443
647,TCP_TUNNEL,200,23.56.12.215,6344,CONNECT,ads.pubmatic.com:443
1297,TCP_TUNNEL,200,104.98.85.192,79939,CONNECT,www.washingtonpost.com:443
962,TCP_TUNNEL,200,108.156.184.23,7770,CONNECT,static.adsafeprotected.com:443
263,TCP_TUNNEL,200,13.68.172.251,5903,CONNECT,r.3gl.net:443
1232,TCP_TUNNEL,200,74.119.119.131,1110,CONNECT,static.criteo.net:443
1445,TCP_TUNNEL,200,35.71.131.137,4807,CONNECT,match.adsrvr.org:443
1023,TCP_TUNNEL,200,172.217.0.164,3775,CONNECT,www.google.com:443
1426,TCP_TUNNEL,200,69.173.151.99,8938,CONNECT,fastlane.rubiconproject.com:443
1152,TCP_TUNNEL,200,142.250.123.157,6476,CONNECT,stats.g.doubleclick.net:443
1445,TCP_TUNNEL,200,74.119.119.129,922,CONNECT,bidder.criteo.com:443
1567,TCP_TUNNEL,200,151.101.146.202,1741,CONNECT,mab.chartbeat.com:443
1671,TCP_TUNNEL,200,172.217.4.34,2257,CONNECT,securepubads.g.doubleclick.net:443
1268,TCP_TUNNEL,200,172.217.4.42,1892,CONNECT,content-autofill.googleapis.com:443
258,TCP_TUNNEL,200,142.250.191.194,13424,CONNECT,pagead2.googlesyndication.com:443
1408,TCP_TUNNEL,200,142.250.191.206,2124,CONNECT,www.google-analytics.com:443
1427,TCP_TUNNEL,200,104.18.25.185,3730,CONNECT,htlb.casalemedia.com:443
1432,TCP_TUNNEL,200,104.36.115.111,4702,CONNECT,hbopenbid.pubmatic.com:443
1022,TCP_TUNNEL,200,142.250.191.99,23981,CONNECT,fonts.gstatic.com:443
875,TCP_TUNNEL,200,172.217.5.2,2090,CONNECT,adservice.google.com:443
1427,TCP_TUNNEL,200,35.244.159.8,4834,CONNECT,washingtonpost-d.openx.net:443
1376,TCP_TUNNEL,200,3.231.65.19,1564,CONNECT,mabping.chartbeat.net:443
1506,TCP_TUNNEL,200,3.85.58.17,532,CONNECT,ping.chartbeat.net:443
258,TCP_TUNNEL,200,74.119.119.139,10254,CONNECT,gum.criteo.com:443
1488,TCP_TUNNEL,200,142.250.191.163,198394,CONNECT,www.gstatic.com:443
795,TCP_TUNNEL,200,34.107.254.252,7500,CONNECT,api.permutive.com:443
1445,TCP_TUNNEL,200,52.204.187.108,6725,CONNECT,pixel.adsafeprotected.com:443
1130,TCP_TUNNEL,200,192.40.36.238,7107,CONNECT,dsum.casalemedia.com:443
5730,TCP_TUNNEL,200,199.127.194.108,6432,CONNECT,a6709203f34992a5095d2bc7ceaf2ec504f651a8.cws.conviva.com:443
15925,TCP_TUNNEL,200,52.41.135.140,2161,CONNECT,console.us-west-1.cdp.cloudera.com:443
13120,TCP_TUNNEL,200,52.41.135.140,734,CONNECT,console.us-west-1.cdp.cloudera.com:443
13173,TCP_TUNNEL,200,52.41.135.140,1372,CONNECT,console.us-west-1.cdp.cloudera.com:443
13177,TCP_TUNNEL,200,52.41.135.140,1385,CONNECT,console.us-west-1.cdp.cloudera.com:443
13187,TCP_TUNNEL,200,52.41.135.140,734,CONNECT,console.us-west-1.cdp.cloudera.com:443
403,TCP_TUNNEL,200,151.101.145.164,4443,CONNECT,www.nytimes.com:443
23288,TCP_TUNNEL,200,142.250.191.206,1773,CONNECT,www.google-analytics.com:443
1057,TCP_TUNNEL,200,142.250.190.97,9716,CONNECT,drive-thirdparty.googleusercontent.com:443
24396,TCP_TUNNEL,200,34.202.153.158,943,CONNECT,pr-bh.ybp.yahoo.com:443
19072,TCP_TUNNEL,200,3.85.58.17,1306,CONNECT,ping.chartbeat.net:443
25087,TCP_TUNNEL,200,34.107.254.252,1325,CONNECT,api.permutive.com:443
419,TCP_TUNNEL,200,172.217.2.42,2403,CONNECT,optimizationguide-pa.googleapis.com:443
26617,TCP_TUNNEL,200,172.217.0.164,60070,CONNECT,www.google.com:443
1958,TCP_TUNNEL,200,172.217.1.106,3234,CONNECT,appsitemsuggest-pa.googleapis.com:443
419,TCP_TUNNEL,200,151.101.145.164,167247,CONNECT,www.nytimes.com:443
2218,TCP_TUNNEL,200,142.250.190.131,2049,CONNECT,ssl.gstatic.com:443
1245,TCP_TUNNEL,200,172.217.2.46,26236,CONNECT,encrypted-tbn0.gstatic.com:443
24602,TCP_TUNNEL,200,8.28.7.82,767,CONNECT,image8.pubmatic.com:443
26683,TCP_TUNNEL,200,104.98.85.192,25466,CONNECT,www.washingtonpost.com:443
26683,TCP_TUNNEL,200,142.250.191.161,86105,CONNECT,tpc.googlesyndication.com:443
2187,TCP_TUNNEL,200,142.250.191.174,2216,CONNECT,play.google.com:443
27579,TCP_TUNNEL,200,172.217.4.34,13419,CONNECT,securepubads.g.doubleclick.net:443
13215,TCP_TUNNEL,200,52.3.161.2,6733,CONNECT,track.dictionary.com:443
14644,TCP_TUNNEL,200,142.250.191.202,1835,CONNECT,signaler-pa.clients6.google.com:443
213,TCP_TUNNEL,200,151.101.145.164,15351,CONNECT,g1.nyt.com:443
2188,TCP_TUNNEL,200,3.225.248.135,5925,CONNECT,metrics.zeustechnology.com:443
24602,TCP_TUNNEL,200,34.98.64.218,1321,CONNECT,us-u.openx.net:443
26623,TCP_TUNNEL,200,142.250.191.97,115497,CONNECT,cdn.ampproject.org:443
26240,TCP_TUNNEL,200,142.250.191.194,17917,CONNECT,pagead2.googlesyndication.com:443
16,TCP_TUNNEL,200,151.101.145.164,39,CONNECT,static01.nyt.com:443
33,TCP_TUNNEL,200,151.101.145.164,39,CONNECT,static01.nyt.com:443
16,TCP_TUNNEL,200,151.101.145.164,39,CONNECT,static01.nyt.com:443
45,TCP_TUNNEL,200,151.101.145.164,39,CONNECT,static01.nyt.com:443
290,TCP_TUNNEL,200,108.156.172.86,65704,CONNECT,dd.nytimes.com:443
1234,TCP_TUNNEL,200,151.101.145.164,1811964,CONNECT,vp.nyt.com:443
474,TCP_TUNNEL,200,104.98.85.192,1714,CONNECT,www.washingtonpost.com:443
289,TCP_TUNNEL,200,108.156.184.109,833,CONNECT,sb.scorecardresearch.com:443
349,TCP_TUNNEL,200,172.217.5.2,2092,CONNECT,adservice.google.com:443
1330,TCP_TUNNEL,200,142.250.190.136,159376,CONNECT,www.googletagmanager.com:443
329,TCP_TUNNEL,200,172.217.4.65,9096,CONNECT,b5c3178017509aaa346069d6767d01ae.safeframe.googlesyndication.com:443
984,TCP_TUNNEL,200,108.156.164.236,3673,CONNECT,c.amazon-adsystem.com:443
827,TCP_TUNNEL,200,54.146.214.56,54360,CONNECT,tlx.3lift.com:443
1329,TCP_TUNNEL,200,108.156.184.4,132111,CONNECT,rumcdn.geoedge.be:443
1329,TCP_TUNNEL,200,108.156.164.236,57243,CONNECT,c.amazon-adsystem.com:443
823,TCP_TUNNEL,200,69.173.151.99,19751,CONNECT,fastlane.rubiconproject.com:443
1233,TCP_TUNNEL,200,151.101.145.164,10998,CONNECT,static01.nytimes.com:443
1233,TCP_TUNNEL,200,151.101.145.164,235188,CONNECT,g1.nyt.com:443
801,TCP_TUNNEL,200,172.217.4.34,2151,CONNECT,securepubads.g.doubleclick.net:443
1427,TCP_TUNNEL,200,151.101.145.164,370286,CONNECT,static01.nyt.com:443
1103,TCP_TUNNEL,200,151.101.145.164,6423,CONNECT,samizdat-graphql.nytimes.com:443
828,TCP_TUNNEL,200,34.98.64.218,4713,CONNECT,nytimes-d.openx.net:443
20489,TCP_TUNNEL,200,172.217.2.46,3772,CONNECT,clients4.google.com:443
1347,TCP_TUNNEL,200,52.3.42.214,6291,CONNECT,als-svc.nytimes.com:443
1358,TCP_TUNNEL,200,52.3.42.214,6056,CONNECT,a.et.nytimes.com:443
1354,TCP_TUNNEL,200,151.101.145.164,5374,CONNECT,samizdat-graphql.nytimes.com:443
827,TCP_TUNNEL,200,34.107.148.139,5389,CONNECT,prebid.media.net:443
93,TCP_TUNNEL,200,151.101.145.164,4443,CONNECT,a1.nyt.com:443
95,TCP_TUNNEL,200,151.101.145.164,4185,CONNECT,mwcm.nyt.com:443
332,TCP_TUNNEL,200,108.156.172.86,8093,CONNECT,dd.nytimes.com:443
298,TCP_TUNNEL,200,151.101.145.164,24678,CONNECT,a1.nyt.com:443
1316,TCP_TUNNEL,200,151.101.145.164,5750,CONNECT,content.api.nytimes.com:443
912,TCP_TUNNEL,200,3.85.58.17,532,CONNECT,ping.chartbeat.net:443
2171,TCP_TUNNEL,200,68.67.161.182,7726,CONNECT,ib.adnxs.com:443
568,TCP_TUNNEL,200,142.250.191.98,53046,CONNECT,www.googletagservices.com:443
2327,TCP_TUNNEL,200,108.156.187.204,6771,CONNECT,aax.amazon-adsystem.com:443
652,TCP_TUNNEL,200,142.250.190.131,2073,CONNECT,ssl.gstatic.com:443
298,TCP_TUNNEL,200,52.223.40.198,6073,CONNECT,insight.adsrvr.org:443
310,TCP_TUNNEL,200,108.156.164.14,15717,CONNECT,static.chartbeat.com:443
1161,TCP_TUNNEL,200,151.101.145.164,3778,CONNECT,samizdat-graphql.nytimes.com:443
2579,TCP_TUNNEL,200,172.217.4.34,181132,CONNECT,securepubads.g.doubleclick.net:443
623,TCP_TUNNEL,200,151.101.145.164,388191,CONNECT,static01.nyt.com:443
2674,TCP_TUNNEL,200,151.101.145.164,749630,CONNECT,www.nytimes.com:443
1305,TCP_TUNNEL,200,44.211.112.71,6731,CONNECT,a.nytimes.com:443
647,TCP_TUNNEL,200,44.211.112.71,6443,CONNECT,meter-svc.nytimes.com:443
573,TCP_TUNNEL,200,142.250.191.161,8456,CONNECT,tpc.googlesyndication.com:443
1312,TCP_TUNNEL,200,52.3.42.214,5449,CONNECT,purr.nytimes.com:443
291,TCP_TUNNEL,200,172.67.72.66,26804,CONNECT,cdn.brandmetrics.com:443
8164,TCP_TUNNEL,200,20.40.202.2,6672,CONNECT,collector.brandmetrics.com:443
8298,TCP_TUNNEL,200,20.40.202.2,7235,CONNECT,collector.brandmetrics.com:443
2455,TCP_TUNNEL,200,52.41.135.140,184,CONNECT,console.us-west-1.cdp.cloudera.com:443
8810,TCP_TUNNEL,200,151.101.145.164,73198,CONNECT,g1.nyt.com:443
9340,TCP_TUNNEL,200,54.204.212.94,3755,CONNECT,pnytimes.chartbeat.net:443
7378,TCP_TUNNEL,200,142.250.191.161,14182,CONNECT,tpc.googlesyndication.com:443
8276,TCP_TUNNEL,200,142.250.190.97,17765,CONNECT,lh3.googleusercontent.com:443
9288,TCP_TUNNEL,200,104.17.25.14,27113,CONNECT,cdnjs.cloudflare.com:443
7289,TCP_TUNNEL,200,172.67.71.156,6921,CONNECT,iteratehq.com:443
9277,TCP_TUNNEL,200,151.101.145.164,68147,CONNECT,mwcm.nyt.com:443
9521,TCP_TUNNEL,200,151.101.145.164,3114861,CONNECT,mwcm.nyt.com:443
9588,TCP_TUNNEL,200,52.3.42.214,7080,CONNECT,a.et.nytimes.com:443
6138,TCP_TUNNEL,200,34.98.64.218,1549,CONNECT,u.openx.net:443
1064,TCP_TUNNEL,200,3.85.58.17,561,CONNECT,ping.chartbeat.net:443
9498,TCP_TUNNEL,200,172.217.4.45,155324,CONNECT,accounts.google.com:443
9772,TCP_TUNNEL,200,151.101.145.164,5472086,CONNECT,vp.nyt.com:443
7651,TCP_TUNNEL,200,142.250.191.194,13393,CONNECT,pagead2.googlesyndication.com:443
9565,TCP_TUNNEL,200,142.250.191.134,6950,CONNECT,5290727.fls.doubleclick.net:443
7110,TCP_TUNNEL,200,172.217.0.164,2940,CONNECT,www.google.com:443
9419,TCP_TUNNEL,200,172.217.4.34,2140,CONNECT,securepubads.g.doubleclick.net:443
9498,TCP_TUNNEL,200,151.101.145.164,10871,CONNECT,mwcm.nytimes.com:443
873,TCP_TUNNEL,200,35.186.194.58,1167,CONNECT,rs.fullstory.com:443
7783,TCP_TUNNEL,200,142.250.191.99,29875,CONNECT,fonts.gstatic.com:443
6132,TCP_TUNNEL,200,52.223.22.214,7235,CONNECT,eb2.3lift.com:443
537,TCP_TUNNEL,200,172.253.63.94,2391,CONNECT,beacons.gcp.gvt2.com:443
5941,TCP_TUNNEL,200,35.210.239.72,5584,CONNECT,u.ipw.metadsp.co.uk:443
6133,TCP_TUNNEL,200,74.119.119.150,720,CONNECT,dis.criteo.com:443
8078,TCP_TUNNEL,200,142.250.191.194,17143,CONNECT,pagead2.googlesyndication.com:443
9173,TCP_TUNNEL,200,172.217.5.2,1925,CONNECT,adservice.google.com:443
7628,TCP_TUNNEL,200,108.156.184.109,1155,CONNECT,sb.scorecardresearch.com:443
7640,TCP_TUNNEL,200,104.26.7.229,274235,CONNECT,platform.iteratehq.com:443
5871,TCP_TUNNEL,200,34.87.124.238,5169,CONNECT,e2c8.gcp.gvt2.com:443
10040,TCP_TUNNEL,200,142.250.191.100,414,CONNECT,www.google.com:443
97609,TCP_TUNNEL,200,199.127.194.108,8472,CONNECT,a6709203f34992a5095d2bc7ceaf2ec504f651a8.cws.conviva.com:443
97987,TCP_TUNNEL,200,20.40.202.2,6892,CONNECT,collector.brandmetrics.com:443
10045,TCP_TUNNEL,200,142.250.191.100,414,CONNECT,www.google.com:443
123837,TCP_TUNNEL,200,54.201.162.241,6090,CONNECT,console.us-west-1.cdp.cloudera.com:443
157600,TCP_TUNNEL,200,52.41.135.140,1953,CONNECT,console.us-west-1.cdp.cloudera.com:443
157792,TCP_TUNNEL,200,52.41.135.140,4037,CONNECT,console.us-west-1.cdp.cloudera.com:443
363841,TCP_TUNNEL,200,44.228.218.242,28852,CONNECT,console.us-west-1.cdp.cloudera.com:443
37670,TCP_TUNNEL,200,199.127.193.108,6432,CONNECT,a6709203f34992a5095d2bc7ceaf2ec504f651a8.cws.conviva.com:443
181052,TCP_TUNNEL,200,52.41.135.140,88106,CONNECT,console.us-west-1.cdp.cloudera.com:443
10041,TCP_TUNNEL,200,142.250.191.100,4490,CONNECT,www.google.com:443
482623,TCP_TUNNEL,200,172.217.0.174,14486,CONNECT,safebrowsing.google.com:443
57624,TCP_TUNNEL,200,199.127.193.108,7454,CONNECT,a6709203f34992a5095d2bc7ceaf2ec504f651a8.cws.conviva.com:443
120197,TCP_TUNNEL,200,173.222.111.174,1030,CONNECT,lightning.warnermediacdn.com:443
240327,TCP_TUNNEL,200,142.250.191.206,1934,CONNECT,www.google-analytics.com:443
240272,TCP_TUNNEL,200,142.250.191.174,2357,CONNECT,play.google.com:443
10046,TCP_TUNNEL,200,142.250.191.100,4491,CONNECT,www.google.com:443
240210,TCP_TUNNEL,200,142.250.80.99,6564,CONNECT,beacons.gvt2.com:443
240114,TCP_TUNNEL,200,108.156.178.19,6786,CONNECT,d1get58iwmjrxx.cloudfront.net:443
242904,TCP_TUNNEL,200,142.250.191.106,3383,CONNECT,optimizationguide-pa.googleapis.com:443
251748,TCP_TUNNEL,200,142.250.191.202,2316,CONNECT,content-autofill.googleapis.com:443
10039,TCP_TUNNEL,200,142.250.191.100,4490,CONNECT,www.google.com:443
10085,TCP_TUNNEL,200,142.250.191.196,4490,CONNECT,www.google.com:443
157836,TCP_TUNNEL,200,199.127.193.108,9500,CONNECT,a6709203f34992a5095d2bc7ceaf2ec504f651a8.cws.conviva.com:443
129939,TCP_TUNNEL,200,184.26.152.48,572,CONNECT,c.go-mpulse.net:443
260529,TCP_TUNNEL,200,54.201.162.241,5087,CONNECT,console.us-west-1.cdp.cloudera.com:443
10039,TCP_TUNNEL,200,142.250.191.196,4489,CONNECT,www.google.com:443
57843,TCP_TUNNEL,200,199.127.194.108,7456,CONNECT,a6709203f34992a5095d2bc7ceaf2ec504f651a8.cws.conviva.com:443
10039,TCP_TUNNEL,200,142.250.191.196,4489,CONNECT,www.google.com:443
240389,TCP_TUNNEL,200,172.217.2.42,17031,CONNECT,addons-pa.clients6.google.com:443
4,TAG_NONE,503,-,0,CONNECT,farm.plista.com:443
2,TAG_NONE,503,-,0,CONNECT,ib.beintoo.com:443
179604,TAG_NONE,503,-,0,CONNECT,cs.emxdgt.com:443
179229,TAG_NONE,503,-,0,CONNECT,cs.emxdgt.com:443